standard,nUsers,trafficType,packetSize,totalThroughputMbps,avgDelayMs,jainFairness,packetDropRate
ax,32,high,1500,210.008,3393.25,0.959523,0.874382
ac,32,high,1500,174.99,3184.55,0.960075,0.896243
ax,32,high,1500,135.115,3257.05,0.941544,0.919753
ac,32,high,1500,137.382,2313.87,0.817218,0.917711
ax,32,high,1500,25.3378,2720.06,0.836329,0.985166
ac,32,high,1500,23.6839,2790.66,0.900529,0.986112
ax,32,high,1500,136.224,2545.52,0.31634,0.918106
ac,32,high,1500,146.03,2421.88,0.317256,0.911449
